,Date,Value
0,2016-01-01,432.33
1,2016-01-02,433.94
2,2016-01-03,428.13
3,2016-01-04,433.0
4,2016-01-05,431.9
5,2016-01-06,430.75
6,2016-01-07,453.71
7,2016-01-08,447.04
8,2016-01-09,450.15
9,2016-01-10,446.24
10,2016-01-11,447.11
11,2016-01-12,446.66
12,2016-01-13,429.57
13,2016-01-14,431.9
14,2016-01-15,391.62
15,2016-01-16,370.4
16,2016-01-17,385.45
17,2016-01-18,385.28
18,2016-01-19,378.66
19,2016-01-20,408.33
20,2016-01-21,408.0
21,2016-01-22,385.7
22,2016-01-23,388.5
23,2016-01-24,404.75
24,2016-01-25,387.09
25,2016-01-26,394.12
26,2016-01-27,394.45
27,2016-01-28,382.44
28,2016-01-29,377.26
29,2016-01-30,378.24
30,2016-01-31,376.86
31,2016-02-01,372.0
32,2016-02-02,373.48
33,2016-02-03,368.38
34,2016-02-04,385.06
35,2016-02-05,386.49
36,2016-02-06,373.04
37,2016-02-07,373.74
38,2016-02-08,375.8
39,2016-02-09,372.61
40,2016-02-10,378.98
41,2016-02-11,376.75
42,2016-02-12,381.46
43,2016-02-13,388.6
44,2016-02-14,402.38
45,2016-02-15,402.64
46,2016-02-16,406.69
47,2016-02-17,418.04
48,2016-02-18,418.97
49,2016-02-19,418.02
50,2016-02-20,439.48
51,2016-02-21,434.67
52,2016-02-22,438.5
53,2016-02-23,417.0
54,2016-02-24,423.1
55,2016-02-25,421.4
56,2016-02-26,424.34
57,2016-02-27,432.0
58,2016-02-28,433.47
59,2016-02-29,436.18
60,2016-03-01,431.87
61,2016-03-02,429.99
62,2016-03-03,421.44
63,2016-03-04,416.48
64,2016-03-05,401.0
65,2016-03-06,408.86
66,2016-03-07,411.94
67,2016-03-08,412.39
68,2016-03-09,413.1
69,2016-03-10,416.0
70,2016-03-11,421.22
71,2016-03-12,412.44
72,2016-03-13,413.89
73,2016-03-14,414.78
74,2016-03-15,414.78
75,2016-03-16,415.99
76,2016-03-17,418.64
77,2016-03-18,408.87
78,2016-03-19,405.59
79,2016-03-20,410.77
80,2016-03-21,410.49
81,2016-03-22,415.35
82,2016-03-23,417.8
83,2016-03-24,416.47
84,2016-03-25,416.44
85,2016-03-26,415.71
86,2016-03-27,426.8
87,2016-03-28,422.96
88,2016-03-29,414.0
89,2016-03-30,412.35
90,2016-03-31,416.94
91,2016-04-01,416.25
92,2016-04-02,418.07
93,2016-04-03,418.07
94,2016-04-04,418.99
95,2016-04-05,421.77
96,2016-04-06,421.09
97,2016-04-07,420.33
98,2016-04-08,422.2
99,2016-04-09,417.73
100,2016-04-10,421.63
101,2016-04-11,420.69
102,2016-04-12,425.89
103,2016-04-13,424.61
104,2016-04-14,423.76
105,2016-04-15,429.09
106,2016-04-16,429.43
107,2016-04-17,425.71
108,2016-04-18,427.28
109,2016-04-19,435.91
110,2016-04-20,442.34
111,2016-04-21,451.0
112,2016-04-22,447.25
113,2016-04-23,451.29
114,2016-04-24,459.4
115,2016-04-25,463.86
116,2016-04-26,467.98
117,2016-04-27,447.31
118,2016-04-28,450.0
119,2016-04-29,456.16
120,2016-04-30,447.17
121,2016-05-01,451.9
122,2016-05-02,443.9
123,2016-05-03,450.96
124,2016-05-04,447.37
125,2016-05-05,448.51
126,2016-05-06,460.91
127,2016-05-07,459.04
128,2016-05-08,457.82
129,2016-05-09,461.63
130,2016-05-10,450.0
131,2016-05-11,452.51
132,2016-05-12,454.7
133,2016-05-13,456.82
134,2016-05-14,455.65
135,2016-05-15,457.08
136,2016-05-16,454.88
137,2016-05-17,452.89
138,2016-05-18,452.9
139,2016-05-19,441.87
140,2016-05-20,441.25
141,2016-05-21,443.89
142,2016-05-22,438.0
143,2016-05-23,442.17
144,2016-05-24,445.34
145,2016-05-25,447.94
146,2016-05-26,452.49
147,2016-05-27,470.29
148,2016-05-28,522.43
149,2016-05-29,512.16
150,2016-05-30,525.15
151,2016-05-31,531.15
152,2016-06-01,539.47
153,2016-06-02,539.99
154,2016-06-03,568.0
155,2016-06-04,573.74
156,2016-06-05,574.02
157,2016-06-06,584.5
158,2016-06-07,577.54
159,2016-06-08,578.68
160,2016-06-09,575.2941375
161,2016-06-10,577.549875
162,2016-06-11,594.4399875
163,2016-06-12,664.8465
164,2016-06-13,702.0665
165,2016-06-14,685.24
166,2016-06-15,692.28
167,2016-06-16,762.43
168,2016-06-17,743.91
169,2016-06-18,754.36
170,2016-06-19,760.81
171,2016-06-20,729.19
172,2016-06-21,665.95
173,2016-06-22,587.45
174,2016-06-23,624.54
175,2016-06-24,660.6
176,2016-06-25,664.9
177,2016-06-26,627.39
178,2016-06-27,646.7
179,2016-06-28,646.37
180,2016-06-29,637.95
181,2016-06-30,671.4
182,2016-07-01,675.18
183,2016-07-02,701.71
184,2016-07-03,658.41
185,2016-07-04,676.32
186,2016-07-05,666.48
187,2016-07-06,673.78
188,2016-07-07,636.35
189,2016-07-08,659.55
190,2016-07-09,651.86
191,2016-07-10,648.09
192,2016-07-11,647.98
193,2016-07-12,672.76
194,2016-07-13,657.45
195,2016-07-14,658.83
196,2016-07-15,664.57
197,2016-07-16,662.15
198,2016-07-17,675.45
199,2016-07-18,673.2
200,2016-07-19,672.84
201,2016-07-20,665.64
202,2016-07-21,664.88
203,2016-07-22,651.58
204,2016-07-23,655.84
205,2016-07-24,661.41
206,2016-07-25,654.69
207,2016-07-26,655.06
208,2016-07-27,654.98
209,2016-07-28,655.32
210,2016-07-29,656.88
211,2016-07-30,654.73
212,2016-07-31,628.01
213,2016-08-01,606.32
214,2016-08-02,515.06
215,2016-08-03,565.05
216,2016-08-04,577.31
217,2016-08-05,576.55
218,2016-08-06,588.23
219,2016-08-07,594.27
220,2016-08-08,592.69
221,2016-08-09,588.77
222,2016-08-10,592.18
223,2016-08-11,589.24
224,2016-08-12,587.75
225,2016-08-13,586.43
226,2016-08-14,570.97
227,2016-08-15,570.14
228,2016-08-16,581.11
229,2016-08-17,575.51
230,2016-08-18,576.03
231,2016-08-19,576.65
232,2016-08-20,583.2
233,2016-08-21,582.82
234,2016-08-22,588.97
235,2016-08-23,586.18
236,2016-08-24,582.84
237,2016-08-25,579.86
238,2016-08-26,581.07
239,2016-08-27,571.54
240,2016-08-28,576.53
241,2016-08-29,575.22
242,2016-08-30,578.61
243,2016-08-31,574.82
244,2016-09-01,572.81
245,2016-09-02,576.21
246,2016-09-03,600.88
247,2016-09-04,610.59
248,2016-09-05,608.1
249,2016-09-06,611.09
250,2016-09-07,614.46
251,2016-09-08,627.77
252,2016-09-09,625.07
253,2016-09-10,625.76
254,2016-09-11,608.15
255,2016-09-12,609.67
256,2016-09-13,610.92
257,2016-09-14,612.08
258,2016-09-15,610.38
259,2016-09-16,609.11
260,2016-09-17,608.0
261,2016-09-18,611.58
262,2016-09-19,610.19
263,2016-09-20,609.74
264,2016-09-21,598.88
265,2016-09-22,597.42
266,2016-09-23,604.22
267,2016-09-24,603.88
268,2016-09-25,601.74
269,2016-09-26,608.14
270,2016-09-27,605.96
271,2016-09-28,605.67
272,2016-09-29,606.36
273,2016-09-30,609.39
274,2016-10-01,614.82
275,2016-10-02,610.51
276,2016-10-03,611.85
277,2016-10-04,609.62
278,2016-10-05,612.35
279,2016-10-06,612.08
280,2016-10-07,617.21
281,2016-10-08,618.04
282,2016-10-09,615.65
283,2016-10-10,617.54
284,2016-10-11,639.3
285,2016-10-12,635.01
286,2016-10-13,635.96
287,2016-10-14,639.56
288,2016-10-15,637.94
289,2016-10-16,641.42
290,2016-10-17,638.18
291,2016-10-18,636.29
292,2016-10-19,629.25
293,2016-10-20,630.22
294,2016-10-21,631.92
295,2016-10-22,655.48
296,2016-10-23,653.0
297,2016-10-24,651.39
298,2016-10-25,655.31
299,2016-10-26,672.22
300,2016-10-27,682.22
301,2016-10-28,687.68
302,2016-10-29,714.89
303,2016-10-30,698.0
304,2016-10-31,702.0
305,2016-11-01,728.2
306,2016-11-02,733.33
307,2016-11-03,686.17
308,2016-11-04,703.69
309,2016-11-05,704.79
310,2016-11-06,712.0
311,2016-11-07,703.81
312,2016-11-08,708.97
313,2016-11-09,720.93
314,2016-11-10,713.69
315,2016-11-11,715.45
316,2016-11-12,703.71
317,2016-11-13,701.9
318,2016-11-14,706.46
319,2016-11-15,710.91
320,2016-11-16,736.91
321,2016-11-17,736.96
322,2016-11-18,747.52
323,2016-11-19,750.03
324,2016-11-20,729.06
325,2016-11-21,738.53
326,2016-11-22,748.74
327,2016-11-23,741.63
328,2016-11-24,737.45
329,2016-11-25,739.78
330,2016-11-26,733.67
331,2016-11-27,727.96
332,2016-11-28,733.05
333,2016-11-29,732.71
334,2016-11-30,742.69
335,2016-12-01,752.24
336,2016-12-02,772.43
337,2016-12-03,764.33
338,2016-12-04,764.81
339,2016-12-05,754.63
340,2016-12-06,756.62
341,2016-12-07,766.11
342,2016-12-08,769.72
343,2016-12-09,770.02
344,2016-12-10,773.4
345,2016-12-11,777.0
346,2016-12-12,777.0
347,2016-12-13,778.49
348,2016-12-14,774.89
349,2016-12-15,776.75
350,2016-12-16,781.56
351,2016-12-17,788.7
352,2016-12-18,788.4
353,2016-12-19,789.52
354,2016-12-20,793.09
355,2016-12-21,824.21
356,2016-12-22,860.59
357,2016-12-23,901.31
358,2016-12-24,891.61
359,2016-12-25,886.9
360,2016-12-26,897.33
361,2016-12-27,930.37
362,2016-12-28,967.48
363,2016-12-29,963.38
364,2016-12-30,952.15
365,2016-12-31,959.87
366,2017-01-01,997.72
367,2017-01-02,1015.97
368,2017-01-03,1023.14
369,2017-01-04,1126.76
370,2017-01-05,994.67
371,2017-01-06,883.09
372,2017-01-07,896.83
373,2017-01-08,908.14
374,2017-01-09,894.18
375,2017-01-10,906.05
376,2017-01-11,785.22
377,2017-01-12,803.37
378,2017-01-13,826.29
379,2017-01-14,817.91
380,2017-01-15,822.2
381,2017-01-16,830.5
382,2017-01-17,903.84
383,2017-01-18,874.99
384,2017-01-19,895.798875
385,2017-01-20,893.6210875
386,2017-01-21,920.4479
387,2017-01-22,918.603625
388,2017-01-23,922.0736125
389,2017-01-24,890.320225
390,2017-01-25,893.045625
391,2017-01-26,915.95625
392,2017-01-27,919.27975
393,2017-01-28,920.31225
394,2017-01-29,915.933
395,2017-01-30,921.179325
396,2017-01-31,964.706075
397,2017-02-01,979.703875
398,2017-02-02,1007.6137125
399,2017-02-03,1013.0269999999999
400,2017-02-04,1030.9994125
401,2017-02-05,1014.837725
402,2017-02-06,1024.01375
403,2017-02-07,1050.11
404,2017-02-08,1052.3766125
405,2017-02-09,976.1030000000001
406,2017-02-10,999.1035
407,2017-02-11,1008.8466625
408,2017-02-12,1000.604625
409,2017-02-13,999.877375
410,2017-02-14,1011.78025
411,2017-02-15,1012.3259875
412,2017-02-16,1035.208125
413,2017-02-17,1055.53685
414,2017-02-18,1056.6371375
415,2017-02-19,1052.77928571
416,2017-02-20,1084.7550125
417,2017-02-21,1123.78842857
418,2017-02-22,1123.2231875
419,2017-02-23,1172.01715
420,2017-02-24,1174.86625
421,2017-02-25,1150.60571429
422,2017-02-26,1175.04975
423,2017-02-27,1190.75195
424,2017-02-28,1187.56528571
425,2017-03-01,1222.4994
426,2017-03-02,1259.41081667
427,2017-03-03,1285.14
428,2017-03-04,1267.0272
429,2017-03-05,1270.9333
430,2017-03-06,1275.197375
431,2017-03-07,1238.447
432,2017-03-08,1157.3933
433,2017-03-09,1192.46914286
434,2017-03-10,1098.61712857
435,2017-03-11,1179.159875
436,2017-03-12,1227.494625
437,2017-03-13,1239.816225
438,2017-03-14,1245.37078571
439,2017-03-15,1257.399625
440,2017-03-16,1180.94565714
441,2017-03-17,1091.1718875
442,2017-03-18,952.2323625
443,2017-03-19,1029.8008125
444,2017-03-20,1049.0844875
445,2017-03-21,1118.63004286
446,2017-03-22,1028.7268625
447,2017-03-23,1038.789
448,2017-03-24,941.919714286
449,2017-03-25,959.3400857139999
450,2017-03-26,956.7863125
451,2017-03-27,1037.22925
452,2017-03-28,1046.127625
453,2017-03-29,1040.5755
454,2017-03-30,1037.90455
455,2017-03-31,1079.54931429
456,2017-04-01,1086.92957143
457,2017-04-02,1099.169125
458,2017-04-03,1141.813
459,2017-04-04,1141.6003625
460,2017-04-05,1133.07931429
461,2017-04-06,1196.3079375
462,2017-04-07,1190.45425
463,2017-04-08,1181.1498375
464,2017-04-09,1208.8005
465,2017-04-10,1207.744875
466,2017-04-11,1226.6170375
467,2017-04-12,1218.92205
468,2017-04-13,1180.0237125
469,2017-04-14,1185.26005714
470,2017-04-15,1184.88067143
471,2017-04-16,1186.9274125
472,2017-04-17,1205.634875
473,2017-04-18,1216.18674286
474,2017-04-19,1217.9300875
475,2017-04-20,1241.686325
476,2017-04-21,1258.3614125
477,2017-04-22,1261.311225
478,2017-04-23,1257.9881125
479,2017-04-24,1262.902775
480,2017-04-25,1279.4146875
481,2017-04-26,1309.109875
482,2017-04-27,1345.3539125
483,2017-04-28,1331.29442857
484,2017-04-29,1334.9790375
485,2017-04-30,1353.0045
486,2017-05-01,1417.1728125
487,2017-05-02,1452.0762875
488,2017-05-03,1507.57685714
489,2017-05-04,1508.292125
490,2017-05-05,1533.33507143
491,2017-05-06,1560.4102
492,2017-05-07,1535.86842857
493,2017-05-08,1640.619225
494,2017-05-09,1721.28497143
495,2017-05-10,1762.88625
496,2017-05-11,1820.9905625
497,2017-05-12,1720.4785
498,2017-05-13,1771.9200125
499,2017-05-14,1776.3165
500,2017-05-15,1723.1269375
501,2017-05-16,1739.031975
502,2017-05-17,1807.4850625
503,2017-05-18,1899.0828875
504,2017-05-19,1961.5204875
505,2017-05-20,2052.9097875
506,2017-05-21,2046.5344625
507,2017-05-22,2090.6623125
508,2017-05-23,2287.7102875
509,2017-05-24,2379.19383333
510,2017-05-25,2387.20628571
511,2017-05-26,2211.97685714
512,2017-05-27,2014.0529625
513,2017-05-28,2192.9808
514,2017-05-29,2275.9307
515,2017-05-30,2239.20534286
516,2017-05-31,2285.93391429
517,2017-06-01,2399.24267143
518,2017-06-02,2446.14241429
519,2017-06-03,2525.76515847
520,2017-06-04,2516.17314286
521,2017-06-05,2698.3138125
522,2017-06-06,2883.31369664
523,2017-06-07,2664.9208625
524,2017-06-08,2792.9991875
525,2017-06-09,2827.4913
526,2017-06-10,2845.37285714
527,2017-06-11,2961.8296125
528,2017-06-12,2657.6750625
529,2017-06-13,2748.18508571
530,2017-06-14,2447.0415625
531,2017-06-15,2442.48025
532,2017-06-16,2464.95981429
533,2017-06-17,2665.927
534,2017-06-18,2507.38925214
535,2017-06-19,2617.2102625
536,2017-06-20,2754.97825
537,2017-06-21,2671.04325
538,2017-06-22,2727.2880125
539,2017-06-23,2710.41228571
540,2017-06-24,2589.1648875
541,2017-06-25,2512.36628571
542,2017-06-26,2436.45105714
543,2017-06-27,2517.90311429
544,2017-06-28,2585.34918571
545,2017-06-29,2544.414475
546,2017-06-30,2477.641375
547,2017-07-01,2501.19134286
548,2017-07-02,2561.22542857
549,2017-07-03,2561.22542857
550,2017-07-04,2599.7298375
551,2017-07-05,2619.187503
552,2017-07-06,2609.96775
553,2017-07-07,2491.20121429
554,2017-07-08,2562.1306625
555,2017-07-09,2536.2389375
556,2017-07-10,2366.17014286
557,2017-07-11,2369.86212857
558,2017-07-12,2385.74857143
559,2017-07-13,2354.78341667
560,2017-07-14,2190.94783333
561,2017-07-15,2058.9956
562,2017-07-16,1931.2143
563,2017-07-17,2176.6234875
564,2017-07-18,2320.12225
565,2017-07-19,2264.7657
566,2017-07-20,2898.18841667
567,2017-07-21,2682.1953625
568,2017-07-22,2807.60985714
569,2017-07-23,2725.54971667
570,2017-07-24,2751.82102857
571,2017-07-25,2560.99791667
572,2017-07-26,2495.02858571
573,2017-07-27,2647.625
574,2017-07-28,2781.63658333
575,2017-07-29,2722.51278571
576,2017-07-30,2745.95541667
577,2017-07-31,2866.43166667
578,2017-08-01,2710.41306667
579,2017-08-02,2693.63398333
580,2017-08-03,2794.11771667
581,2017-08-04,2873.85108333
582,2017-08-05,3218.11501667
583,2017-08-06,3252.56253333
584,2017-08-07,3407.22683333
585,2017-08-08,3457.37433333
586,2017-08-09,3357.32631667
587,2017-08-10,3424.4042
588,2017-08-11,3632.50666667
589,2017-08-12,3852.80291429
590,2017-08-13,4125.54802
591,2017-08-14,4282.992
592,2017-08-15,4217.02832857
593,2017-08-16,4360.87687143
594,2017-08-17,4328.72571667
595,2017-08-18,4130.44006667
596,2017-08-19,4222.66221429
597,2017-08-20,4157.95803333
598,2017-08-21,4043.722
599,2017-08-22,4082.18098333
600,2017-08-23,4174.95
601,2017-08-24,4340.31671667
602,2017-08-25,4363.05445
603,2017-08-26,4360.51331667
604,2017-08-27,4354.30833333
605,2017-08-28,4391.67351667
606,2017-08-29,4607.98545
607,2017-08-30,4594.98785
608,2017-08-31,4748.255
609,2017-09-01,4911.74001667
610,2017-09-02,4580.387479999999
611,2017-09-03,4648.15998333
612,2017-09-04,4344.09831667
613,2017-09-05,4488.720139999999
614,2017-09-06,4641.82201667
615,2017-09-07,4654.6585
616,2017-09-08,4310.75018333
617,2017-09-09,4375.559520000001
618,2017-09-10,4329.955
619,2017-09-11,4248.09001667
620,2017-09-12,4219.03661667
621,2017-09-13,3961.27126667
622,2017-09-14,3319.63
623,2017-09-15,3774.26528333
624,2017-09-16,3763.6260399999996
625,2017-09-17,3746.06078333
626,2017-09-18,4093.31666667
627,2017-09-19,3943.41333333
628,2017-09-20,3977.56166667
629,2017-09-21,3658.89818333
630,2017-09-22,3637.50255
631,2017-09-23,3776.3869
632,2017-09-24,3703.04065
633,2017-09-25,3942.555
634,2017-09-26,3910.30738333
635,2017-09-27,4202.55498333
636,2017-09-28,4201.98905
637,2017-09-29,4193.57466667
638,2017-09-30,4335.36831667
639,2017-10-01,4360.72296667
640,2017-10-02,4386.88375
641,2017-10-03,4293.3066
642,2017-10-04,4225.175
643,2017-10-05,4338.852
644,2017-10-06,4345.60333333
645,2017-10-07,4376.19166667
646,2017-10-08,4602.28088333
647,2017-10-09,4777.96781667
648,2017-10-10,4782.28
649,2017-10-11,4819.48576667
650,2017-10-12,5325.13068333
651,2017-10-13,5563.80656667
652,2017-10-14,5739.43873333
653,2017-10-15,5647.31166667
654,2017-10-16,5711.20586667
655,2017-10-17,5603.712939999999
656,2017-10-18,5546.1761
657,2017-10-19,5727.6335
658,2017-10-20,5979.4598399999995
659,2017-10-21,6020.37168333
660,2017-10-22,5983.18455
661,2017-10-23,5876.07986667
662,2017-10-24,5505.82776667
663,2017-10-25,5669.62253333
664,2017-10-26,5893.13841667
665,2017-10-27,5772.50498333
666,2017-10-28,5776.69695
667,2017-10-29,6155.434020000001
668,2017-10-30,6105.874220000001
669,2017-10-31,6388.64516667
670,2017-11-01,6665.30668333
671,2017-11-02,7068.0201
672,2017-11-03,7197.72006
673,2017-11-04,7437.54331667
674,2017-11-05,7377.01236667
675,2017-11-06,6989.07166667
676,2017-11-07,7092.12723333
677,2017-11-08,7415.87825
678,2017-11-09,7158.03706
679,2017-11-10,6719.39785
680,2017-11-11,6362.85103333
681,2017-11-12,5716.30158333
682,2017-11-13,6550.22753333
683,2017-11-14,6635.41263333
684,2017-11-15,7301.4299200000005
685,2017-11-16,7815.0307
686,2017-11-17,7786.88436667
687,2017-11-18,7817.14038333
688,2017-11-19,8007.65406667
689,2017-11-20,8255.59681667
690,2017-11-21,8059.8
691,2017-11-22,8268.035
692,2017-11-23,8148.95
693,2017-11-24,8250.97833333
694,2017-11-25,8707.40726667
695,2017-11-26,9284.1438
696,2017-11-27,9718.29505
697,2017-11-28,9952.508820000001
698,2017-11-29,9879.32833333
699,2017-11-30,10147.372
700,2017-12-01,10883.912
701,2017-12-02,11071.368333299999
702,2017-12-03,11332.622
703,2017-12-04,11584.83
704,2017-12-05,11878.4333333
705,2017-12-06,13540.98
706,2017-12-07,16501.9716667
707,2017-12-08,16007.4366667
708,2017-12-09,15142.8341521
709,2017-12-10,14869.805
710,2017-12-11,16762.1166667
711,2017-12-12,17276.3933333
712,2017-12-13,16808.3666667
713,2017-12-14,16678.892
714,2017-12-15,17771.9
715,2017-12-16,19498.6833333
716,2017-12-17,19289.785
717,2017-12-18,18961.8566667
718,2017-12-19,17737.1116667
719,2017-12-20,16026.2716667
720,2017-12-21,16047.51
721,2017-12-22,15190.945
722,2017-12-23,15360.2616667
723,2017-12-24,13949.175
724,2017-12-25,14119.0283333
725,2017-12-26,15999.048333300001
726,2017-12-27,15589.3216667
727,2017-12-28,14380.5816667
728,2017-12-29,14640.14
729,2017-12-30,13215.573999999999
730,2017-12-31,14165.575
731,2018-01-01,13812.1866667
732,2018-01-02,15005.8566667
733,2018-01-03,15053.2616667
734,2018-01-04,15199.355
735,2018-01-05,17174.12
736,2018-01-06,17319.198
737,2018-01-07,16651.4716667
738,2018-01-08,15265.906666699999
739,2018-01-09,14714.253333300001
740,2018-01-10,15126.3983333
741,2018-01-11,13296.794
742,2018-01-12,13912.882
743,2018-01-13,14499.7733333
744,2018-01-14,13852.92
745,2018-01-15,14012.196000000002
746,2018-01-16,11180.998333299998
747,2018-01-17,11116.946666700002
748,2018-01-18,11345.4233333
749,2018-01-19,11422.44
750,2018-01-20,12950.793333299998
751,2018-01-21,11505.228000000001
752,2018-01-22,10544.5933333
753,2018-01-23,11223.063999999998
754,2018-01-24,11282.258333299998
755,2018-01-25,11214.44
756,2018-01-26,10969.815
757,2018-01-27,11524.776666700001
758,2018-01-28,11765.71
759,2018-01-29,11212.655
760,2018-01-30,10184.061666700001
761,2018-01-31,10125.0133333
762,2018-02-01,9083.25833333
763,2018-02-02,8901.90166667
764,2018-02-03,9076.67833333
765,2018-02-04,8400.64833333
766,2018-02-05,6838.81666667
767,2018-02-06,7685.63333333
768,2018-02-07,8099.95833333
769,2018-02-08,8240.53666667
770,2018-02-09,8535.51666667
771,2018-02-10,8319.87656618
772,2018-02-11,8343.455
773,2018-02-12,8811.34333333
774,2018-02-13,8597.7675
775,2018-02-14,9334.63333333
776,2018-02-15,9977.154
777,2018-02-16,10127.161666700002
778,2018-02-17,10841.991666700002
779,2018-02-18,10503.2983333
780,2018-02-19,11110.965
781,2018-02-20,11390.391666700001
782,2018-02-21,10532.7916667
783,2018-02-22,9931.07166667
784,2018-02-23,10162.116666700002
785,2018-02-24,9697.956
786,2018-02-25,9696.59333333
787,2018-02-26,10348.6033333
788,2018-02-27,10763.883333299998
789,2018-02-28,10370.165
790,2018-03-01,11009.381666700001
791,2018-03-02,11055.815
792,2018-03-03,11326.948333299999
793,2018-03-04,11430.1816667
794,2018-03-05,11595.54
795,2018-03-06,10763.198333299999
796,2018-03-07,10118.058
797,2018-03-08,9429.11166667
798,2018-03-09,9089.27833333
799,2018-03-10,8746.002
800,2018-03-11,9761.39666667
801,2018-03-12,9182.84333333
802,2018-03-13,9154.7
803,2018-03-14,8151.53166667
804,2018-03-15,8358.12166667
805,2018-03-16,8530.402
806,2018-03-17,7993.67464364
807,2018-03-18,8171.415
808,2018-03-19,8412.03333333
809,2018-03-20,8986.94833333
810,2018-03-21,8947.75333333
811,2018-03-22,8690.40833333
812,2018-03-23,8686.82666667
813,2018-03-24,8662.37833333
814,2018-03-25,8617.29666667
815,2018-03-26,8197.54833333
816,2018-03-27,7876.195
817,2018-03-28,7960.38
818,2018-03-29,7172.28
819,2018-03-30,6882.53166667
820,2018-03-31,6935.48
821,2018-04-01,6794.105
822,2018-04-02,7035.84833333
823,2018-04-03,7410.435
824,2018-04-04,6787.76166667
825,2018-04-05,6826.51
826,2018-04-06,6603.87666667
827,2018-04-07,6927.688
828,2018-04-08,7017.65666667
829,2018-04-09,6699.27333333
830,2018-04-10,6787.57166667
831,2018-04-11,6926.26666667
832,2018-04-12,7847.845
833,2018-04-13,7895.40833333
834,2018-04-14,8036.51105141
835,2018-04-15,8340.74833333
836,2018-04-16,8043.80333333
837,2018-04-17,7895.41692596
838,2018-04-18,8164.93742577
839,2018-04-19,8254.625
840,2018-04-20,8852.71833333
841,2018-04-21,8807.205
842,2018-04-22,8838.54833333
843,2018-04-23,8933.86166667
844,2018-04-24,9555.542
845,2018-04-25,8995.50666667
846,2018-04-26,9258.39833333
847,2018-04-27,9010.32
848,2018-04-28,9326.17333333
849,2018-04-29,9334.28166667
850,2018-04-30,9259.57
851,2018-05-01,9075.13666667
852,2018-05-02,9221.426
853,2018-05-03,9639.26833333
854,2018-05-04,9710.73
855,2018-05-05,9803.30666667
856,2018-05-06,9630.13627668
857,2018-05-07,9345.69
858,2018-05-08,9228.60833333
859,2018-05-09,9322.04166667
860,2018-05-10,9101.48333333
861,2018-05-11,8468.788
862,2018-05-12,8484.34666667
863,2018-05-13,8727.65166667
864,2018-05-14,8652.03833333
865,2018-05-15,8511.458
866,2018-05-16,8340.70333333
867,2018-05-17,8106.11833333
868,2018-05-18,8240.055
869,2018-05-19,8223.28833333
870,2018-05-20,8507.40666667
871,2018-05-21,8385.55618693
872,2018-05-22,8015.58
873,2018-05-23,7555.74
874,2018-05-24,7566.19333333
875,2018-05-25,7445.23833333
876,2018-05-26,7342.90833333
877,2018-05-27,7361.83166667
878,2018-05-28,7130.54166667
879,2018-05-29,7459.87666667
880,2018-05-30,7385.395
881,2018-05-31,7491.434
882,2018-06-01,7535.14666667
883,2018-06-02,7645.14666667
884,2018-06-03,7699.8859999999995
885,2018-06-04,7500.27333333
886,2018-06-05,7615.7221421
887,2018-06-06,7655.61333333
888,2018-06-07,7676.27166667
889,2018-06-08,7620.15333333
890,2018-06-09,7564.40833333
891,2018-06-10,6776.88833333
892,2018-06-11,6875.67833333
893,2018-06-12,6535.08166667
894,2018-06-13,6315.7
895,2018-06-14,6647.01333333
896,2018-06-15,6434.088000000001
897,2018-06-16,6509.42666667
898,2018-06-17,6464.41166667
899,2018-06-18,6713.488
900,2018-06-19,6737.0
901,2018-06-20,6714.71833333
902,2018-06-21,6733.90166667
903,2018-06-22,6332.57333333
904,2018-06-23,6141.60583333
905,2018-06-24,6037.00833333
906,2018-06-25,6211.4475
907,2018-06-26,6218.595
908,2018-06-27,6105.295
909,2018-06-28,6107.89615385
910,2018-06-29,5908.7025
911,2018-06-30,6381.39083333
912,2018-07-01,6374.75416667
913,2018-07-02,6466.06916667
914,2018-07-03,6613.68583333
915,2018-07-04,6593.28916667
916,2018-07-05,6603.37666667
917,2018-07-06,6569.49615385
918,2018-07-07,6594.28166667
919,2018-07-08,6753.55916667
920,2018-07-09,6723.8725
921,2018-07-10,6510.79166667
922,2018-07-11,6377.36333333
923,2018-07-12,6233.595
924,2018-07-13,6244.3575
925,2018-07-14,6241.0
926,2018-07-15,6316.88166667
927,2018-07-16,6514.39083333
928,2018-07-17,6869.91083333
929,2018-07-18,7398.66166667
930,2018-07-19,7396.40166667
931,2018-07-20,7428.045
932,2018-07-21,7352.49538462
933,2018-07-22,7451.28916667
934,2018-07-23,7689.88416667
935,2018-07-24,8112.93
936,2018-07-25,8251.165
937,2018-07-26,8187.32416667
938,2018-07-27,8025.2575
939,2018-07-28,8182.25166667
940,2018-07-29,8206.34166667
941,2018-07-30,8143.14833333
942,2018-07-31,7916.80083333
943,2018-08-01,7570.86916667
944,2018-08-02,7593.14916667
945,2018-08-03,7394.49916667
946,2018-08-04,7247.76916667
947,2018-08-05,6998.71833333
948,2018-08-06,6988.07916667
949,2018-08-07,6993.51333333
950,2018-08-08,6450.36692308
951,2018-08-09,6396.7725
952,2018-08-10,6396.49466667
953,2018-08-11,6195.65333333
954,2018-08-12,6311.13166667
955,2018-08-13,6347.07
956,2018-08-14,6050.9425
957,2018-08-15,6362.67692308
958,2018-08-16,6342.62923077
959,2018-08-17,6476.9
960,2018-08-18,6436.72083333
961,2018-08-19,6404.06333333
962,2018-08-20,6434.55916667
963,2018-08-21,6401.24615385
964,2018-08-22,6575.22916667
965,2018-08-23,6434.88166667
966,2018-08-24,6543.64571429
967,2018-08-25,6719.42923077
968,2018-08-26,6673.27416667
969,2018-08-27,6719.26615385
970,2018-08-28,7000.04
971,2018-08-29,7054.27642857
972,2018-08-30,6932.6625
973,2018-08-31,6981.94615385
974,2018-09-01,7100.94666667
975,2018-09-02,7247.93538462
976,2018-09-03,7260.94923077
977,2018-09-04,7326.8525
978,2018-09-05,7113.06923077
979,2018-09-06,6433.27166667
980,2018-09-07,6444.80416667
981,2018-09-08,6366.1075
982,2018-09-09,6286.42583333
983,2018-09-10,6297.87769231
984,2018-09-11,6296.32083333
985,2018-09-12,6273.1375
986,2018-09-13,6450.17923077
987,2018-09-14,6499.0625
988,2018-09-15,6518.655
989,2018-09-16,6480.64416667
990,2018-09-17,6400.60083333
991,2018-09-18,6296.63166667
992,2018-09-19,6335.82666667
993,2018-09-20,6418.56266667
994,2018-09-21,6669.99083333
995,2018-09-22,6709.3125
996,2018-09-23,6710.445
997,2018-09-24,6639.30416667
998,2018-09-25,6412.45916667
999,2018-09-26,6468.63166667
1000,2018-09-27,6535.47666667
1001,2018-09-28,6677.3425
1002,2018-09-29,6550.47416667
1003,2018-09-30,6593.135
1004,2018-10-01,6590.96833333
1005,2018-10-02,6562.64166667
1006,2018-10-03,6470.4025
1007,2018-10-04,6563.62833333
1008,2018-10-05,6568.54916667
1009,2018-10-06,6581.48666667
1010,2018-10-07,6558.5375
1011,2018-10-08,6618.56769231
1012,2018-10-09,6621.71166667
1013,2018-10-10,6563.00916667
1014,2018-10-11,6248.63583333
1015,2018-10-12,6260.53083333
1016,2018-10-13,6260.64583333
1017,2018-10-14,6299.39916667
1018,2018-10-15,6452.57166667
1019,2018-10-16,6596.61833333
1020,2018-10-17,6596.27615385
1021,2018-10-18,6568.04076923
1022,2018-10-19,6487.44416667
1023,2018-10-20,6488.82583333
1024,2018-10-21,6531.60166667
1025,2018-10-22,6498.48583333
1026,2018-10-23,6481.4259999999995
1027,2018-10-24,6508.31
1028,2018-10-25,6478.0825
1029,2018-10-26,6473.75333333
1030,2018-10-27,6465.9175
1031,2018-10-28,6448.22166667
1032,2018-10-29,6382.66833333
1033,2018-10-30,6309.45285714
1034,2018-10-31,6310.28416667
1035,2018-11-01,6342.28083333
1036,2018-11-02,6387.67416667
1037,2018-11-03,6363.79583333
1038,2018-11-04,6391.87333333
1039,2018-11-05,6436.965
1040,2018-11-06,6445.35416667
1041,2018-11-07,6538.79
1042,2018-11-08,6486.25166667
1043,2018-11-09,6411.28083333
1044,2018-11-10,6399.03333333
1045,2018-11-11,6378.26833333
1046,2018-11-12,6401.93666667
1047,2018-11-13,6372.06333333
1048,2018-11-14,6176.155
1049,2018-11-15,5615.18
1050,2018-11-16,5596.1925
1051,2018-11-17,5558.24333333
1052,2018-11-18,5606.04416667
1053,2018-11-19,5303.9425
1054,2018-11-20,4671.97
1055,2018-11-21,4533.68083333
1056,2018-11-22,4548.7975
1057,2018-11-23,4309.3375
1058,2018-11-24,4293.84083333
1059,2018-11-25,3823.51166667
1060,2018-11-26,3920.53666667
1061,2018-11-27,3751.66833333
1062,2018-11-28,4103.45384615
1063,2018-11-29,4263.78333333
1064,2018-11-30,4106.87166667
1065,2018-12-01,4116.7775
1066,2018-12-02,4167.54666667
1067,2018-12-03,3967.52416667
1068,2018-12-04,3961.49333333
1069,2018-12-05,3858.34916667
1070,2018-12-06,3742.94333333
1071,2018-12-07,3405.64333333
1072,2018-12-08,3435.34
1073,2018-12-09,3528.80333333
1074,2018-12-10,3523.96
1075,2018-12-11,3426.19
1076,2018-12-12,3462.04
1077,2018-12-13,3406.7625
1078,2018-12-14,3278.37416667
1079,2018-12-15,3225.29916667
1080,2018-12-16,3271.23833333
1081,2018-12-17,3392.405
1082,2018-12-18,3567.47
1083,2018-12-19,3808.0425
1084,2018-12-20,3982.85083333
1085,2018-12-21,4015.60916667
1086,2018-12-22,3910.97333333
1087,2018-12-23,4027.47833333
1088,2018-12-24,4178.59083333
1089,2018-12-25,3813.88
1090,2018-12-26,3825.37916667
1091,2018-12-27,3747.83916667
1092,2018-12-28,3743.905
1093,2018-12-29,3912.28583333
1094,2018-12-30,3832.92166667
1095,2018-12-31,3791.54583333
1096,2019-01-01,3752.27166667
1097,2019-01-02,3867.13833333
1098,2019-01-03,3865.7975
1099,2019-01-04,3822.62666667
1100,2019-01-05,3868.4875
1101,2019-01-06,3920.45666667
1102,2019-01-07,4036.09333333
1103,2019-01-08,4035.855
1104,2019-01-09,4034.13833333
1105,2019-01-10,3812.58583333
1106,2019-01-11,3656.73583333
1107,2019-01-12,3646.34583333
1108,2019-01-13,3599.84166667
1109,2019-01-14,3604.1175
1110,2019-01-15,3656.785
1111,2019-01-16,3621.27083333
1112,2019-01-17,3619.96416667
1113,2019-01-18,3632.395
1114,2019-01-19,3690.52333333
1115,2019-01-20,3620.1275
1116,2019-01-21,3548.4275
1117,2019-01-22,3540.02
1118,2019-01-23,3587.35
1119,2019-01-24,3566.4
1120,2019-01-25,3586.25
1121,2019-01-26,3577.79
1122,2019-01-27,3576.3
1123,2019-01-28,3554.5
1124,2019-01-29,3448.58
1125,2019-01-30,3421.6
1126,2019-01-31,3470.0
1127,2019-02-01,3444.81
1128,2019-02-02,3475.33
1129,2019-02-03,3506.22
1130,2019-02-04,3456.02
1131,2019-02-05,3452.35
1132,2019-02-06,3467.34
1133,2019-02-07,3405.7
1134,2019-02-08,3394.76
1135,2019-02-09,3661.08
1136,2019-02-10,3664.38
1137,2019-02-11,3686.29
1138,2019-02-12,3629.47
1139,2019-02-13,3632.42
1140,2019-02-14,3614.5
1141,2019-02-15,3600.31
1142,2019-02-16,3608.2
1143,2019-02-17,3619.55
1144,2019-02-18,3670.74
1145,2019-02-19,3910.8
1146,2019-02-20,3926.53
1147,2019-02-21,3987.18
1148,2019-02-22,3944.88
1149,2019-02-23,3983.48
1150,2019-02-24,4139.6
1151,2019-02-25,3766.89
1152,2019-02-26,3848.33
1153,2019-02-27,3831.45
1154,2019-02-28,3833.23
1155,2019-03-01,3850.08
1156,2019-03-02,3834.62
1157,2019-03-03,3831.44
1158,2019-03-04,3814.58
1159,2019-03-05,3730.98
1160,2019-03-06,3872.25
1161,2019-03-07,3876.85
1162,2019-03-08,3886.82
1163,2019-03-09,3875.96
1164,2019-03-10,3950.56
1165,2019-03-11,3928.17
1166,2019-03-12,3881.09
1167,2019-03-13,3892.51
1168,2019-03-14,3877.77
1169,2019-03-15,3885.21
1170,2019-03-16,3936.5
1171,2019-03-17,4015.95
1172,2019-03-18,3994.92
1173,2019-03-19,3998.77
1174,2019-03-20,4029.11
1175,2019-03-21,4056.4
1176,2019-03-22,3992.34
1177,2019-03-23,3999.06
1178,2019-03-24,4011.92
1179,2019-03-25,3994.11
1180,2019-03-26,3935.89
1181,2019-03-27,3947.74
1182,2019-03-28,4048.51
1183,2019-03-29,4037.37
1184,2019-03-30,4115.55
1185,2019-03-31,4114.44
1186,2019-04-01,4114.16
1187,2019-04-02,4152.53
1188,2019-04-03,4882.88
1189,2019-04-04,4959.81
1190,2019-04-05,4911.24
1191,2019-04-06,5028.77
1192,2019-04-07,5053.52
1193,2019-04-08,5189.39
1194,2019-04-09,5268.71
1195,2019-04-10,5175.81
1196,2019-04-11,5310.18
1197,2019-04-12,5035.02
1198,2019-04-13,5072.85
1199,2019-04-14,5064.62
1200,2019-04-15,5152.51
1201,2019-04-16,5036.18
1202,2019-04-17,5196.65
1203,2019-04-18,5220.37
1204,2019-04-19,5276.31
1205,2019-04-20,5277.04
1206,2019-04-21,5309.28
1207,2019-04-22,5281.83
1208,2019-04-23,5377.19
1209,2019-04-24,5518.16
1210,2019-04-25,5434.19
1211,2019-04-26,5195.61
1212,2019-04-27,5292.83
1213,2019-04-28,5280.19
1214,2019-04-29,5301.29
1215,2019-04-30,5260.65
1216,2019-05-01,5269.79
1217,2019-05-02,5326.67
1218,2019-05-03,5390.16
1219,2019-05-04,5657.14
1220,2019-05-05,5771.08
1221,2019-05-06,5717.66
1222,2019-05-07,5684.47
1223,2019-05-08,5755.72
1224,2019-05-09,5936.72
1225,2019-05-10,6146.91
1226,2019-05-11,6348.02
1227,2019-05-12,7248.31
1228,2019-05-13,6978.63
1229,2019-05-14,7823.11
1230,2019-05-15,7992.69
1231,2019-05-16,8206.9
1232,2019-05-17,7885.96
1233,2019-05-18,7362.22
1234,2019-05-19,7265.05
1235,2019-05-20,8193.7
1236,2019-05-21,8007.03
1237,2019-05-22,7952.5
1238,2019-05-23,7625.93
1239,2019-05-24,7880.29
1240,2019-05-25,8003.26
1241,2019-05-26,8071.45
1242,2019-05-27,8744.42
1243,2019-05-28,8770.06
1244,2019-05-29,8719.88
1245,2019-05-30,8662.98
1246,2019-05-31,8272.46
1247,2019-06-01,8553.81
1248,2019-06-02,8554.8
1249,2019-06-03,8739.03
1250,2019-06-04,8134.92
1251,2019-06-05,7675.8
1252,2019-06-06,7786.04
1253,2019-06-07,7803.23
1254,2019-06-08,7998.29
1255,2019-06-09,7931.34
1256,2019-06-10,7640.61
1257,2019-06-11,8020.38
1258,2019-06-12,7917.58
1259,2019-06-13,8173.06
1260,2019-06-14,8237.88
1261,2019-06-15,8693.6
1262,2019-06-16,8859.47
1263,2019-06-17,8978.99
1264,2019-06-18,9327.48
1265,2019-06-19,9076.18
1266,2019-06-20,9281.7
1267,2019-06-21,9531.35
1268,2019-06-22,10209.38
1269,2019-06-23,10668.63
1270,2019-06-24,10814.48
1271,2019-06-25,11017.5
1272,2019-06-26,11766.4
1273,2019-06-27,12932.55
1274,2019-06-28,11132.85
1275,2019-06-29,12374.35
1276,2019-06-30,11890.38
1277,2019-07-01,10737.73
1278,2019-07-02,10578.72
1279,2019-07-03,10805.4
1280,2019-07-04,11984.76
1281,2019-07-05,11160.49
1282,2019-07-06,10955.16
1283,2019-07-07,11232.04
1284,2019-07-08,11477.01
1285,2019-07-09,12313.08
1286,2019-07-10,12586.78
1287,2019-07-11,12099.9
1288,2019-07-12,11352.87
1289,2019-07-13,11803.97
1290,2019-07-14,11389.1
1291,2019-07-15,10186.96
1292,2019-07-16,10873.5
1293,2019-07-17,9397.72
1294,2019-07-18,9674.28
1295,2019-07-19,10638.56
1296,2019-07-20,10535.75
1297,2019-07-21,10764.9
1298,2019-07-22,10587.41
1299,2019-07-23,10323.62
1300,2019-07-24,9844.3
1301,2019-07-25,9772.17
1302,2019-07-26,9875.17
1303,2019-07-27,9848.65
1304,2019-07-28,9473.99
1305,2019-07-29,9530.0
1306,2019-07-30,9501.33
1307,2019-07-31,9589.13
1308,2019-08-01,10084.7
1309,2019-08-02,10407.17
1310,2019-08-03,10529.55
1311,2019-08-04,10814.57
1312,2019-08-05,10980.23
1313,2019-08-06,11787.99
1314,2019-08-07,11465.67
1315,2019-08-08,11960.82
1316,2019-08-09,11996.41
1317,2019-08-10,11856.64
1318,2019-08-11,11282.22
1319,2019-08-12,11566.84
1320,2019-08-13,11386.26
1321,2019-08-14,10858.12
1322,2019-08-15,10016.96
1323,2019-08-16,10302.17
1324,2019-08-17,10359.44
1325,2019-08-18,10214.52
1326,2019-08-19,10317.6
1327,2019-08-20,10917.26
1328,2019-08-21,10760.56
1329,2019-08-22,10129.4
1330,2019-08-23,10111.98
1331,2019-08-24,10405.81
1332,2019-08-25,10143.8
1333,2019-08-26,10135.06
1334,2019-08-27,10360.28
1335,2019-08-28,10171.95
1336,2019-08-29,9717.82
1337,2019-08-30,9484.55
1338,2019-08-31,9577.99
1339,2019-09-01,9600.9
1340,2019-09-02,9769.79
1341,2019-09-03,10386.64
1342,2019-09-04,10621.29
1343,2019-09-05,10584.16
1344,2019-09-06,10577.8
1345,2019-09-07,10317.47
1346,2019-09-08,10487.21
1347,2019-09-09,10406.31
1348,2019-09-10,10313.66
1349,2019-09-11,10101.03
1350,2019-09-12,10159.32
1351,2019-09-13,10420.16
1352,2019-09-14,10363.9
1353,2019-09-15,10361.33
1354,2019-09-16,10310.43
1355,2019-09-17,10265.63
1356,2019-09-18,10190.36
1357,2019-09-19,10157.59
1358,2019-09-20,10275.88
1359,2019-09-21,10173.11
1360,2019-09-22,9979.49
1361,2019-09-23,10033.05
1362,2019-09-24,9683.38
1363,2019-09-25,8553.61
1364,2019-09-26,8432.23
1365,2019-09-27,8055.64
1366,2019-09-28,8193.9
1367,2019-09-29,8225.0
1368,2019-09-30,8056.74
1369,2019-10-01,8307.74
1370,2019-10-02,8322.92
1371,2019-10-03,8382.03
1372,2019-10-04,8236.17
1373,2019-10-05,8155.48
1374,2019-10-06,8147.69
1375,2019-10-07,7869.74
1376,2019-10-08,8212.02
1377,2019-10-09,8190.0
1378,2019-10-10,8587.92
1379,2019-10-11,8586.9
1380,2019-10-12,8269.73
1381,2019-10-13,8308.01
1382,2019-10-14,8283.76
1383,2019-10-15,8353.54
1384,2019-10-16,8162.16
1385,2019-10-17,8002.51
1386,2019-10-18,8076.78
1387,2019-10-19,7954.15
1388,2019-10-20,7960.04
1389,2019-10-21,8231.06
1390,2019-10-22,8222.52
1391,2019-10-23,8026.76
1392,2019-10-24,7469.56
1393,2019-10-25,7431.88
1394,2019-10-26,8666.79
1395,2019-10-27,9259.8
1396,2019-10-28,9551.54
1397,2019-10-29,9218.76
1398,2019-10-30,9433.35
1399,2019-10-31,9164.62
1400,2019-11-01,9147.98
1401,2019-11-02,9252.99
1402,2019-11-03,9301.18
1403,2019-11-04,9206.16
1404,2019-11-05,9418.05
1405,2019-11-06,9310.19
1406,2019-11-07,9343.34
1407,2019-11-08,9204.24
1408,2019-11-09,8766.04
1409,2019-11-10,8809.41
1410,2019-11-11,9037.12
1411,2019-11-12,8717.81
1412,2019-11-13,8801.52
1413,2019-11-14,8762.42
1414,2019-11-15,8632.32
1415,2019-11-16,8457.69
1416,2019-11-17,8482.7
1417,2019-11-18,8503.93
1418,2019-11-19,8175.99
1419,2019-11-20,8120.8
1420,2019-11-21,8081.81
1421,2019-11-22,7617.07
1422,2019-11-23,7286.35
1423,2019-11-24,7324.03
1424,2019-11-25,6907.4
1425,2019-11-26,7130.25
1426,2019-11-27,7163.63
1427,2019-11-28,7523.83
1428,2019-11-29,7431.0
1429,2019-11-30,7757.47
1430,2019-12-01,7557.72
1431,2019-12-02,7402.69
1432,2019-12-03,7309.59
1433,2019-12-04,7296.77
1434,2019-12-05,7192.85
1435,2019-12-06,7395.97
1436,2019-12-07,7547.19
1437,2019-12-08,7504.83
1438,2019-12-09,7522.39
1439,2019-12-10,7337.42
1440,2019-12-11,7220.76
1441,2019-12-12,7202.31
1442,2019-12-13,7189.16
1443,2019-12-14,7251.87
1444,2019-12-15,7067.74
1445,2019-12-16,7111.14
1446,2019-12-17,6879.54
1447,2019-12-18,6612.12
1448,2019-12-19,7284.29
1449,2019-12-20,7150.86
1450,2019-12-21,7190.17
1451,2019-12-22,7143.2
1452,2019-12-23,7514.41
1453,2019-12-24,7322.08
1454,2019-12-25,7250.69
1455,2019-12-26,7192.72
1456,2019-12-27,7194.4
1457,2019-12-28,7243.93
1458,2019-12-29,7301.07
1459,2019-12-30,7385.36
1460,2019-12-31,7219.6
1461,2020-01-01,7168.31
1462,2020-01-02,7175.68
1463,2020-01-03,6944.33
1464,2020-01-04,7326.35
1465,2020-01-05,7347.89
1466,2020-01-06,7351.57
1467,2020-01-07,7759.24
1468,2020-01-08,8165.47
1469,2020-01-09,8042.65
1470,2020-01-10,7817.92
1471,2020-01-11,8184.66
1472,2020-01-12,8021.49
1473,2020-01-13,8173.97
1474,2020-01-14,8105.24
1475,2020-01-15,8842.42
1476,2020-01-16,8813.89
1477,2020-01-17,8722.03
1478,2020-01-18,8900.34
1479,2020-01-19,8910.85
1480,2020-01-20,8703.36
1481,2020-01-21,8626.47
1482,2020-01-22,8722.26
1483,2020-01-23,8658.94
1484,2020-01-24,8388.11
1485,2020-01-25,8428.17
1486,2020-01-26,8327.36
1487,2020-01-27,8588.42
1488,2020-01-28,8895.78
1489,2020-01-29,9385.69
1490,2020-01-30,9279.81
1491,2020-01-31,9502.37
1492,2020-02-01,9333.77
1493,2020-02-02,9378.09
1494,2020-02-03,9314.56
1495,2020-02-04,9162.14
1496,2020-02-05,9614.9
1497,2020-02-06,9614.9
1498,2020-02-07,9755.66
1499,2020-02-08,9807.54
1500,2020-02-09,9907.12
1501,2020-02-10,10162.41
1502,2020-02-11,9854.79
1503,2020-02-12,10275.38
1504,2020-02-13,10354.3
1505,2020-02-14,10242.43
1506,2020-02-15,10368.53
1507,2020-02-16,9904.17
1508,2020-02-17,9937.67
1509,2020-02-18,9703.93
1510,2020-02-19,10180.65
1511,2020-02-20,9604.72
1512,2020-02-21,9606.86
1513,2020-02-22,9696.58
1514,2020-02-23,9669.63
1515,2020-02-24,9989.39
1516,2020-02-25,9663.75
1517,2020-02-26,9309.15
1518,2020-02-27,8785.52
1519,2020-02-28,8804.72
1520,2020-02-29,8534.17
1521,2020-03-01,8534.17
1522,2020-03-02,8912.82
1523,2020-03-03,8912.82
1524,2020-03-04,8754.34
1525,2020-03-05,8758.9
1526,2020-03-06,9067.39
1527,2020-03-07,9155.89
1528,2020-03-08,8898.63
1529,2020-03-09,8039.38
1530,2020-03-10,7931.94
1531,2020-03-11,7885.46
1532,2020-03-12,7936.65
1533,2020-03-13,4830.21
1534,2020-03-14,5609.03
1535,2020-03-15,5166.26
1536,2020-03-16,5348.44
1537,2020-03-17,5026.35
1538,2020-03-18,5357.61
1539,2020-03-19,5410.23
1540,2020-03-20,6195.2
1541,2020-03-21,6226.44
1542,2020-03-22,6189.85
1543,2020-03-23,5822.62
1544,2020-03-24,6502.16
1545,2020-03-25,6768.49
1546,2020-03-26,6698.46
1547,2020-03-27,6763.75
1548,2020-03-28,6369.09
1549,2020-03-29,6260.95
1550,2020-03-30,5885.41
1551,2020-03-31,6405.29
1552,2020-04-01,6428.28
1553,2020-04-02,6652.87
1554,2020-04-03,6809.11
1555,2020-04-04,6741.67
1556,2020-04-05,6871.69
1557,2020-04-06,6777.44
1558,2020-04-07,7343.2
1559,2020-04-08,7205.55
1560,2020-04-09,7365.03
1561,2020-04-10,7293.69
1562,2020-04-11,6873.24
1563,2020-04-12,6891.6
1564,2020-04-13,6915.37
1565,2020-04-14,6857.66
1566,2020-04-15,6871.95
1567,2020-04-16,6623.8
1568,2020-04-17,7112.27
1569,2020-04-18,7034.89
1570,2020-04-19,7259.36
1571,2020-04-20,7130.04
1572,2020-04-21,6840.24
1573,2020-04-22,6852.52
1574,2020-04-23,7130.99
1575,2020-04-24,7477.6
1576,2020-04-25,7507.08
1577,2020-04-26,7549.52
1578,2020-04-27,7699.27
1579,2020-04-28,7790.66
1580,2020-04-29,7765.33
1581,2020-04-30,8777.63
1582,2020-05-01,8628.77
1583,2020-05-02,8824.66
1584,2020-05-03,8973.82
1585,2020-05-04,8903.95
1586,2020-05-05,8885.93
1587,2020-05-06,9030.96
1588,2020-05-07,9170.79
1589,2020-05-08,10002.48
1590,2020-05-09,9821.8
1591,2020-05-10,9527.39
1592,2020-05-11,8754.46
1593,2020-05-12,8617.25
1594,2020-05-13,8814.53
1595,2020-05-14,9305.93
1596,2020-05-15,9790.31
1597,2020-05-16,9303.59
1598,2020-05-17,9385.7
1599,2020-05-18,9669.4
1600,2020-05-19,9719.37
1601,2020-05-20,9785.74
1602,2020-05-21,9510.67
1603,2020-05-22,9057.57
1604,2020-05-23,9167.26
1605,2020-05-24,9178.32
1606,2020-05-25,8730.73
1607,2020-05-26,8899.66
1608,2020-05-27,8842.85
1609,2020-05-28,9197.54
1610,2020-05-29,9569.21
1611,2020-05-30,9425.98
1612,2020-05-31,9698.1
1613,2020-06-01,9450.84
1614,2020-06-02,10204.23
1615,2020-06-03,9525.57
1616,2020-06-04,9658.04
1617,2020-06-05,9794.56
1618,2020-06-06,9623.75
1619,2020-06-07,9670.43
1620,2020-06-08,9753.85
1621,2020-06-09,9782.59
1622,2020-06-10,9775.15
1623,2020-06-11,9892.13
1624,2020-06-12,9286.42
1625,2020-06-13,9459.97
1626,2020-06-14,9473.5
1627,2020-06-15,9330.07
1628,2020-06-16,9426.7
1629,2020-06-17,9526.0
1630,2020-06-18,9454.81
1631,2020-06-19,9380.03
1632,2020-06-20,9300.15
1633,2020-06-21,9357.43
1634,2020-06-22,9284.78
1635,2020-06-23,9691.9
1636,2020-06-24,9621.49
1637,2020-06-25,9276.58
1638,2020-06-26,9240.85
1639,2020-06-27,9154.45
1640,2020-06-28,9004.23
1641,2020-06-29,9127.47
1642,2020-06-30,9185.35
1643,2020-07-01,9133.97
1644,2020-07-02,9236.38
1645,2020-07-03,9087.98
1646,2020-07-04,9072.42
1647,2020-07-05,9131.31
1648,2020-07-06,9089.09
1649,2020-07-07,9348.91
1650,2020-07-08,9256.23
1651,2020-07-09,9440.07
1652,2020-07-10,9238.04
1653,2020-07-11,9287.4
1654,2020-07-12,9235.96
1655,2020-07-13,9295.9
1656,2020-07-14,9238.13
1657,2020-07-15,9254.52
1658,2020-07-16,9193.51
1659,2020-07-17,9131.0
1660,2020-07-18,9154.19
1661,2020-07-19,9174.71
1662,2020-07-20,9214.66
1663,2020-07-21,9163.87
1664,2020-07-22,9392.66
1665,2020-07-23,9537.4
1666,2020-07-24,9613.11
1667,2020-07-25,9551.28
1668,2020-07-26,9707.5
1669,2020-07-27,9938.83
1670,2020-07-28,11042.4
1671,2020-07-29,10934.94
1672,2020-07-30,11102.67
1673,2020-07-31,11114.93
1674,2020-08-01,11343.88
1675,2020-08-02,11823.69
1676,2020-08-03,11077.77
1677,2020-08-04,11242.57
1678,2020-08-05,11194.25
1679,2020-08-06,11750.28
1680,2020-08-07,11772.94
1681,2020-08-08,11605.6
1682,2020-08-09,11767.6
1683,2020-08-10,11684.06
1684,2020-08-11,11893.03
1685,2020-08-12,11392.43
1686,2020-08-13,11573.11
1687,2020-08-14,11777.43
1688,2020-08-15,11774.38
1689,2020-08-16,11873.98
1690,2020-08-17,11914.01
1691,2020-08-18,12293.72
1692,2020-08-19,11969.53
1693,2020-08-20,11734.0
1694,2020-08-21,11865.82
1695,2020-08-22,11522.8
1696,2020-08-23,11683.44
1697,2020-08-24,11653.02
1698,2020-08-25,11763.93
1699,2020-08-26,11337.4
1700,2020-08-27,11467.37
1701,2020-08-28,11302.01
1702,2020-08-29,11534.75
1703,2020-08-30,11481.64
1704,2020-08-31,11707.78
1705,2020-09-01,11659.57
1706,2020-09-02,11923.25
1707,2020-09-03,11397.44
1708,2020-09-04,10187.51
1709,2020-09-05,10467.89
1710,2020-09-06,10159.62
1711,2020-09-07,10254.93
1712,2020-09-08,10367.74
1713,2020-09-09,10121.52
1714,2020-09-10,10227.83
1715,2020-09-11,10352.66
1716,2020-09-12,10395.44
1717,2020-09-13,10446.44
1718,2020-09-14,10330.77
1719,2020-09-15,10674.64
1720,2020-09-16,10785.62
1721,2020-09-17,10948.43
1722,2020-09-18,10943.89
1723,2020-09-19,10931.79
1724,2020-09-20,11081.43
1725,2020-09-21,10919.65
1726,2020-09-22,10430.46
1727,2020-09-23,10532.22
1728,2020-09-24,10234.48
1729,2020-09-25,10732.43
1730,2020-09-26,10692.84
1731,2020-09-27,10732.4
1732,2020-09-28,10774.24
1733,2020-09-29,10692.33
1734,2020-09-30,10840.8
1735,2020-10-01,10777.92
1736,2020-10-02,10619.24
1737,2020-10-03,10575.06
1738,2020-10-04,10551.77
1739,2020-10-05,10673.46
1740,2020-10-06,10788.56
1741,2020-10-07,10603.74
1742,2020-10-08,10670.8
1743,2020-10-09,10923.3
1744,2020-10-10,11063.19
1745,2020-10-11,11302.67
1746,2020-10-12,11376.61
1747,2020-10-13,11540.04
1748,2020-10-14,11428.24
1749,2020-10-15,11431.32
1750,2020-10-16,11503.73
1751,2020-10-17,11327.57
1752,2020-10-18,11366.51
1753,2020-10-19,11508.2
1754,2020-10-20,11758.16
1755,2020-10-21,11925.46
1756,2020-10-22,12831.56
1757,2020-10-23,12990.25
1758,2020-10-24,12944.52
1759,2020-10-25,13128.46
1760,2020-10-26,13036.77
1761,2020-10-27,13076.37
1762,2020-10-28,13651.47
1763,2020-10-29,13289.0
1764,2020-10-30,13458.66
1765,2020-10-31,13564.72
1766,2020-11-01,13810.32
1767,2020-11-02,13758.88
1768,2020-11-03,13575.17
1769,2020-11-04,14023.31
1770,2020-11-05,14155.59
1771,2020-11-06,15591.39
1772,2020-11-07,15595.77
1773,2020-11-08,14839.84
1774,2020-11-09,15490.6
1775,2020-11-10,15328.53
1776,2020-11-11,15317.04
1777,2020-11-12,15708.65
1778,2020-11-13,16295.57
1779,2020-11-14,16339.33
1780,2020-11-15,16091.07
1781,2020-11-16,15968.16
1782,2020-11-17,16725.15
1783,2020-11-18,17679.72
1784,2020-11-19,17798.45
1785,2020-11-20,17820.57
1786,2020-11-21,18687.45
1787,2020-11-22,18699.75
1788,2020-11-23,18422.28
1789,2020-11-24,18398.91
1790,2020-11-25,19172.52
1791,2020-11-26,18739.8
1792,2020-11-27,17151.44
1793,2020-11-28,17138.87
1794,2020-11-29,17732.42
1795,2020-11-30,18191.6
1796,2020-12-01,19709.73
1797,2020-12-02,18792.52
1798,2020-12-03,19226.97
1799,2020-12-04,19454.54
1800,2020-12-05,18670.49
1801,2020-12-06,19155.06
1802,2020-12-07,19377.66
1803,2020-12-08,19181.41
1804,2020-12-09,18318.87
1805,2020-12-10,18554.15
1806,2020-12-11,18247.76
1807,2020-12-12,18029.36
1808,2020-12-13,18803.44
1809,2020-12-14,19164.48
1810,2020-12-15,19276.59
1811,2020-12-16,19439.75
1812,2020-12-17,21379.48
1813,2020-12-18,22847.46
1814,2020-12-19,23150.79
1815,2020-12-20,23869.92
1816,2020-12-21,23490.58
1817,2020-12-22,22745.48
1818,2020-12-23,23824.99
1819,2020-12-24,23253.37
1820,2020-12-25,23715.53
1821,2020-12-26,24693.58
1822,2020-12-27,26443.21
1823,2020-12-28,26246.58
1824,2020-12-29,27036.69
1825,2020-12-30,27376.37
1826,2020-12-31,28856.59
1827,2021-01-01,28982.56
1828,2021-01-02,29393.75
1829,2021-01-03,32195.46
1830,2021-01-04,33000.78
1831,2021-01-05,32035.03
1832,2021-01-06,34046.67
1833,2021-01-07,36860.41
1834,2021-01-08,39486.04
1835,2021-01-09,40670.25
1836,2021-01-10,40240.72
1837,2021-01-11,38240.09
1838,2021-01-12,35544.94
1839,2021-01-13,34011.82
1840,2021-01-14,37393.13
1841,2021-01-15,39158.47
1842,2021-01-16,36828.52
1843,2021-01-17,36065.2
1844,2021-01-18,35793.01
1845,2021-01-19,36632.35
1846,2021-01-20,36020.13
1847,2021-01-21,35538.98
1848,2021-01-22,30797.88
1849,2021-01-23,33002.38
1850,2021-01-24,32099.74
1851,2021-01-25,32276.84
1852,2021-01-26,32243.26
1853,2021-01-27,32541.8
1854,2021-01-28,30419.17
1855,2021-01-29,33403.17
1856,2021-01-30,34314.26
1857,2021-01-31,34318.1
1858,2021-02-01,33136.46
1859,2021-02-02,33522.9
1860,2021-02-03,35529.66
1861,2021-02-04,37676.25
1862,2021-02-05,37002.09
1863,2021-02-06,38278.61
1864,2021-02-07,39323.26
1865,2021-02-08,38928.1
1866,2021-02-09,46364.3
1867,2021-02-10,46589.58
1868,2021-02-11,44878.17
1869,2021-02-12,48013.38
1870,2021-02-13,47471.4
1871,2021-02-14,47185.19
1872,2021-02-15,48720.37
1873,2021-02-16,47951.85
1874,2021-02-17,49160.1
1875,2021-02-18,52118.23
1876,2021-02-19,51608.15
1877,2021-02-20,55916.5
1878,2021-02-21,56001.2
1879,2021-02-22,57487.86
1880,2021-02-23,54123.4
1881,2021-02-24,48880.43
1882,2021-02-25,50624.84
1883,2021-02-26,46800.42
1884,2021-02-27,46340.31
1885,2021-02-28,46155.87
1886,2021-03-01,45113.92
1887,2021-03-02,49618.43
1888,2021-03-03,48356.04
